{
  "1": {
    "2": {
      "timestamp": {
        "start": 1606631071278,
        "end": 1606631209634,
        "output": "133.79176497459412\n"
      }
    },
    "3": {
      "timestamp": {},
      "pwr_avg": {
        "p1": 0,
        "p2": 0,
        "p3": 0,
        "p4": 0,
        "p5": 0,
        "p6": 0,
        "p7": 0
      }
    },
    "4": {
      "timestamp": {},
      "pwr_avg": {
        "p1": 0,
        "p2": 0,
        "p3": 0,
        "p4": 0,
        "p5": 0,
        "p6": 0,
        "p7": 0
      }
    }
  },
  "2": {
    "1": {
      "timestamp": {
        "output": 702.49
      },
      "pwr_avg": {
        "p1": 3.977935016,
        "p2": 4.165346453,
        "p3": 0,
        "p4": 0,
        "p5": 0,
        "p6": 0,
        "p7": 0
      }
    },
    "2": {
      "timestamp": {
        "output": 269.74
      },
      "pwr_avg": {
        "p1": 4.205474342,
        "p2": 4.868978071,
        "p3": 0,
        "p4": 0,
        "p5": 0,
        "p6": 0,
        "p7": 0
      }
    },
    "3": {
      "timestamp": {
        "output": 219.51
      },
      "pwr_avg": {
        "p1": 4.48061678,
        "p2": 4.69823794,
        "p3": 0,
        "p4": 0,
        "p5": 0,
        "p6": 0,
        "p7": 0
      }
    },
    "4": {
      "timestamp": {
        "output": 182.58
      },
      "pwr_avg": {
        "p1": 4.629842826,
        "p2": 5.005235665,
        "p3": 0,
        "p4": 0,
        "p5": 0,
        "p6": 0,
        "p7": 0
      }
    }
  },
  "3": {
    "1": {
      "timestamp": {
        "output": 361.03
      },
      "pwr_avg": {
        "p1": 3.7440722,
        "p2": 4.092783431,
        "p3": 4.027061861,
        "p4": 0,
        "p5": 0,
        "p6": 0,
        "p7": 0
      }
    },
    "2": {
      "timestamp": {
        "output": 167.55
      },
      "pwr_avg": {
        "p1": 4.158045893,
        "p2": 4.698850533,
        "p3": 4.394252965,
        "p4": 0,
        "p5": 0,
        "p6": 0,
        "p7": 0
      }
    },
    "3": {
      "timestamp": {
        "output": 139.26
      },
      "pwr_avg": {
        "p1": 4.455782349,
        "p2": 4.687755101,
        "p3": 4.476190418,
        "p4": 0,
        "p5": 0,
        "p6": 0,
        "p7": 0
      }
    },
    "4": {
      "timestamp": {
        "output": 119.55
      },
      "pwr_avg": {
        "p1": 4.632812414,
        "p2": 4.910156284,
        "p3": 4.72265628,
        "p4": 0,
        "p5": 0,
        "p6": 0,
        "p7": 0
      }
    }
  },
  "4": {
    "1": {
      "timestamp": {
        "output": 231.75
      },
      "pwr_avg": {
        "p1": 3.983871048,
        "p2": 4.185887011,
        "p3": 3.989919412,
        "p4": 4.074999988,
        "p5": 0,
        "p6": 0,
        "p7": 0
      }
    },
    "2": {
      "timestamp": {
        "output": 112.48
      },
      "pwr_avg": {
        "p1": 4.455555481,
        "p2": 4.882905918,
        "p3": 4.607692352,
        "p4": 4.79230768,
        "p5": 0,
        "p6": 0,
        "p7": 0
      }
    },
    "3": {
      "timestamp": {
        "output": 90.84
      },
      "pwr_avg": {
        "p1": 4.72222216,
        "p2": 4.960605992,
        "p3": 4.645454505,
        "p4": 4.860606097,
        "p5": 0,
        "p6": 0,
        "p7": 0
      }
    },
    "4": {
      "timestamp": {
        "output": 79.93
      },
      "pwr_avg": {
        "p1": 4.873033759,
        "p2": 5.086516838,
        "p3": 4.86516858,
        "p4": 5.014606768,
        "p5": 0,
        "p6": 0,
        "p7": 0
      }
    }
  },
  "5": {
    "1": {
      "timestamp": {
        "output": 176.05
      },
      "pwr_avg": {
        "p1": 3.968783136,
        "p2": 4.194708929,
        "p3": 3.995238105,
        "p4": 4.01428572,
        "p5": 3.896825454,
        "p6": 0,
        "p7": 0
      }
    },
    "2": {
      "timestamp": {
        "output": 80.81650972
      },
      "pwr_avg": {
        "p1": 4.666666661,
        "p2": 5.047126318,
        "p3": 4.860919569,
        "p4": 4.882758598,
        "p5": 4.88390805,
        "p6": 0,
        "p7": 0
      }
    },
    "3": {
      "timestamp": {
        "output": 61.09942961
      },
      "pwr_avg": {
        "p1": 5.272857128,
        "p2": 5.532857088,
        "p3": 4.99285715,
        "p4": 5.691428614,
        "p5": 5.624285633,
        "p6": 0,
        "p7": 0
      }
    },
    "4": {
      "timestamp": {
        "output": 71.28104019
      },
      "pwr_avg": {
        "p1": 4.998749983,
        "p2": 5.207499987,
        "p3": 4.81124998,
        "p4": 5.163749963,
        "p5": 5.277499992,
        "p6": 0,
        "p7": 0
      }
    }
  },
  "6": {
    "1": {
      "timestamp": {
        "output": 142.8807328
      },
      "pwr_avg": {
        "p1": 3.884659128,
        "p2": 4.015909035,
        "p3": 3.951704535,
        "p4": 3.967045459,
        "p5": 3.938068188,
        "p6": 4.01988627,
        "p7": 0
      }
    },
    "2": {
      "timestamp": {
        "output": 75.06861639
      },
      "pwr_avg": {
        "p1": 4.44814805,
        "p2": 4.988888829,
        "p3": 4.406172829,
        "p4": 4.692592594,
        "p5": 4.670370323,
        "p6": 4.881481533,
        "p7": 0
      }
    },
    "3": {
      "timestamp": {
        "output": 62.8102994
      },
      "pwr_avg": {
        "p1": 4.584931566,
        "p2": 4.831506843,
        "p3": 4.43972598,
        "p4": 4.960273971,
        "p5": 5.027397237,
        "p6": 5.100000074,
        "p7": 0
      }
    },
    "4": {
      "timestamp": {
        "output": 63.7427578
      },
      "pwr_avg": {
        "p1": 4.56805552,
        "p2": 4.880555575,
        "p3": 4.54166664,
        "p4": 4.884722214,
        "p5": 4.861111114,
        "p6": 4.894444459,
        "p7": 0
      }
    }
  },
  "7": {
    "1": {
      "timestamp": {
        "output": 114.8355701
      },
      "pwr_avg": {
        "p1": 3.897973028,
        "p2": 4.07,
        "p3": 3.937837855,
        "p4": 3.970945948,
        "p5": 3.928378379,
        "p6": 4.034459391,
        "p7": 3.908108097
      }
    },
    "2": {
      "timestamp": {
        "output": 65.13566685
      },
      "pwr_avg": {
        "p1": 4.263013621,
        "p2": 4.89,
        "p3": 4.467123228,
        "p4": 4.55753428,
        "p5": 4.347945135,
        "p6": 4.83561638,
        "p7": 3.908108097
      }
    },
    "3": {
      "timestamp": {
        "output": 59.73652411
      },
      "pwr_avg": {
        "p1": 4.569565224,
        "p2": 4.717391315,
        "p3": 4.401449266,
        "p4": 4.83478269,
        "p5": 4.808695686,
        "p6": 4.707246348,
        "p7": 5.047826048
      }
    }
  }
}